Date,Close/Last,Open,High,Low
02/25/2019,39.6725,40.64,41.32,39.585
02/26/2019,39.275,39.625,40.19,38.9375
02/27/2019,38.8525,39.13,39.3975,38.2775
02/28/2019,38.565,38.75,38.975,38.34
03/01/2019,39.1125,39.0675,39.5372,38.48
03/04/2019,39.195,39.5,39.73,38.625
03/05/2019,39.13,39.0375,39.5143,38.49
03/06/2019,38.0125,39.04,39.125,37.985
03/07/2019,37.315,37.775,37.8725,36.85
03/08/2019,37.66,36.415,37.7675,36.2
03/11/2019,40.285,37.8975,40.515,37.4225
03/12/2019,40.63,40.565,41.0975,39.7975
03/13/2019,42.155,41.0075,42.45,40.9325
03/14/2019,41.39,42.2475,42.3675,41.3125
03/15/2019,42.4525,41.825,42.8825,41.79
03/18/2019,42.2375,42.77,43.3125,41.9644
03/19/2019,43.9275,43.19,44.375,43.02
03/20/2019,43.6,44.22,44.7575,43.25
03/21/2019,45.985,43.8325,46.25,43.7825
03/22/2019,44.375,45.71,46.1999,44.235
03/25/2019,43.445,43.965,44.6125,42.7775
03/26/2019,44.2175,44.8723,45.4375,43.6492
03/27/2019,44.125,44.475,44.9425,43.425
03/28/2019,44.3125,44.3875,44.975,43.7775
03/29/2019,44.89,44.985,45.135,44.4775
04/01/2019,45.57,45.815,45.875,45.0936
04/02/2019,45.75,45.8125,46.1972,45.38
04/03/2019,47.155,46.25,47.75,46.2
04/04/2019,47.065,47.0,47.4925,46.4325
04/05/2019,47.7375,47.5,47.9125,47.1325
04/08/2019,47.9475,47.43,48.2,47.1875
04/09/2019,47.315,47.61,47.7225,46.89
04/10/2019,48.025,47.3075,48.285,47.2625
04/11/2019,47.885,48.05,48.3675,47.3875
04/12/2019,47.5025,48.275,48.315,47.415
04/15/2019,46.175,47.425,47.475,45.775
04/16/2019,47.0525,46.57,47.2425,46.241
04/17/2019,46.8225,47.405,47.615,46.5975
04/18/2019,46.575,46.89,47.2325,46.295
04/22/2019,47.1175,46.3375,47.275,46.02
04/23/2019,47.6675,47.25,47.9825,47.1525
04/24/2019,47.7925,47.7725,48.2025,47.16
04/25/2019,46.7275,47.3875,47.6125,45.925
04/26/2019,44.5225,45.1775,45.2219,43.325
04/29/2019,44.8325,44.6025,45.1125,43.875
04/30/2019,45.25,44.5075,45.5075,44.315
05/01/2019,45.1175,45.7775,46.2025,45.115
05/02/2019,45.7975,45.215,46.2175,44.7788
05/03/2019,45.7525,45.8825,45.9825,45.1325
05/06/2019,44.9625,43.875,45.085,43.5
05/07/2019,43.2775,44.475,44.475,42.7925
05/08/2019,43.48,43.0,44.2875,42.88
05/09/2019,42.5475,42.785,42.8825,41.35
05/10/2019,42.205,42.2375,42.8975,41.0
05/13/2019,39.6125,40.875,41.1075,39.4525
05/14/2019,40.51,40.0125,40.865,39.6226
05/15/2019,39.895,39.95,40.2625,39.3525
05/16/2019,40.0475,39.84,40.4763,39.4125
05/17/2019,39.1325,39.625,40.9275,38.735
05/20/2019,37.9375,38.1375,38.6925,37.6875
05/21/2019,38.765,38.55,38.925,38.16
05/22/2019,38.05,38.375,38.6375,37.94
05/23/2019,36.83,37.4225,37.4225,36.2278
05/24/2019,36.2875,37.02,37.375,36.22
05/28/2019,35.8325,36.465,36.795,35.8125
05/29/2019,35.085,35.3525,35.705,34.735
05/30/2019,34.7775,35.0775,35.4375,34.3925
05/31/2019,33.865,34.285,34.6123,33.8475
06/03/2019,33.445,33.9775,34.3675,33.15
06/04/2019,35.75,34.09,35.8025,33.8669
06/05/2019,35.32,36.4925,36.5475,34.955
06/06/2019,35.945,35.3625,36.1925,35.3375
06/07/2019,36.375,36.005,36.72,35.8125
06/10/2019,37.1075,36.94,37.7975,36.94
06/11/2019,37.6875,37.71,38.09,37.29
06/12/2019,36.55,37.25,37.3125,36.3975
06/13/2019,37.065,36.7725,37.25,36.595
06/14/2019,36.16,36.1275,36.3725,35.709
06/17/2019,36.2575,36.1425,36.6302,35.9125
06/18/2019,38.22,36.875,38.7775,36.765
06/19/2019,38.28,38.575,38.6892,38.0185
06/20/2019,38.525,39.1925,39.3325,38.3794
06/21/2019,37.94,38.375,38.87,37.875
06/24/2019,38.165,38.155,38.4625,37.68
06/25/2019,37.87,38.215,38.97,37.8425
06/26/2019,39.815,39.1525,40.43,39.0225
06/27/2019,40.8075,40.6775,41.0,40.315
06/28/2019,41.0575,41.25,41.3425,40.5875
07/01/2019,41.5425,43.1425,43.4875,41.165
07/02/2019,40.5575,41.375,41.5873,40.425
07/03/2019,40.6875,40.7925,40.85,40.0854
07/05/2019,40.0575,40.1,40.145,39.42
07/08/2019,39.3025,39.4575,39.6475,39.0
07/09/2019,39.3275,38.8775,39.61,38.75
07/10/2019,40.015,39.765,40.5922,39.625
07/11/2019,41.57,40.75,41.98,40.375
07/12/2019,41.9025,41.85,42.6175,41.85
07/15/2019,41.8175,42.115,42.2764,41.5325
07/16/2019,41.77,41.6675,42.0425,41.2106
07/17/2019,42.4275,41.7875,42.4975,41.4935
07/18/2019,42.545,42.5313,43.1775,41.9625
07/19/2019,42.11,42.93,42.995,42.05
07/22/2019,42.83,42.325,42.96,42.25
07/23/2019,43.915,43.225,43.935,43.0675
07/24/2019,44.665,44.35,44.7225,43.585
07/25/2019,43.345,44.2475,44.375,43.11
07/26/2019,43.7675,43.6175,44.2375,43.6175
07/29/2019,43.705,43.695,43.8674,42.8175
07/30/2019,43.8625,43.2375,43.985,43.0925
07/31/2019,42.18,43.545,43.5538,41.755
08/01/2019,41.23,42.285,43.195,40.7051
08/02/2019,40.2975,40.2975,40.995,39.82
08/05/2019,37.6975,38.45,38.4625,37.225
08/06/2019,38.0875,38.45,38.9075,37.6075
08/07/2019,38.4725,37.475,38.5925,37.3
08/08/2019,39.565,39.0525,39.5775,38.475
08/09/2019,38.545,39.1525,39.1875,38.0375
08/12/2019,37.8625,38.02,38.545,37.6425
08/13/2019,39.0125,37.8475,39.475,37.455
08/14/2019,37.5175,38.1259,38.2375,37.0778
08/15/2019,37.1925,37.7075,37.9075,36.8485
08/16/2019,39.89,39.8375,40.385,39.22
08/19/2019,42.695,41.03,42.855,40.8675
08/20/2019,41.9675,42.64,42.645,41.755
08/21/2019,42.8075,42.6325,43.3625,42.415
08/22/2019,42.87,42.905,43.3325,42.4761
08/23/2019,40.61,42.1,42.6475,40.41
08/26/2019,41.3625,41.4025,41.645,40.9775
08/27/2019,40.45,41.7475,41.775,40.155
08/28/2019,40.305,40.145,40.835,39.75
08/29/2019,41.75,41.225,42.075,41.19
08/30/2019,41.8775,42.215,42.715,41.695
09/03/2019,41.0425,41.145,41.4775,40.813
09/04/2019,42.19,41.6525,42.265,41.6525
09/05/2019,44.935,43.2163,44.9975,43.2
09/06/2019,44.6625,44.7,45.2725,44.28
09/09/2019,45.125,44.975,45.995,44.96
09/10/2019,45.795,44.795,46.0625,44.6975
09/11/2019,46.0825,45.9425,46.5675,45.6501
09/12/2019,46.0675,46.55,47.1,45.9875
09/13/2019,45.485,45.3975,45.77,45.045
09/16/2019,45.0525,44.73,45.4,44.625
09/17/2019,45.2675,45.12,45.3089,44.6525
09/18/2019,44.995,45.1975,45.355,44.125
09/19/2019,44.235,45.055,45.24,44.1275
09/20/2019,43.1725,44.225,44.4625,43.07
09/23/2019,43.71,43.175,44.1675,43.1375
09/24/2019,43.1325,44.025,44.3225,42.775
09/25/2019,44.5575,43.1275,44.755,42.6775
09/26/2019,44.335,44.46,44.5475,43.8225
09/27/2019,42.94,43.915,44.425,42.33
09/30/2019,43.5175,43.2,43.62,42.885
10/01/2019,43.5,43.75,45.25,43.4525
10/02/2019,43.26,43.28,43.4,42.5325
10/03/2019,45.3275,43.305,45.39,43.0
10/04/2019,45.4925,45.35,45.7875,44.695
10/07/2019,46.0825,46.145,47.085,46.0575
10/08/2019,44.3075,45.16,45.16,44.125
10/09/2019,45.1775,45.08,45.675,44.79
10/10/2019,45.7575,45.155,46.27,45.1025
10/11/2019,46.4975,46.6025,47.335,46.4125
10/14/2019,46.6325,46.41,46.8425,46.0962
10/15/2019,49.0925,47.54,49.8225,47.4
10/16/2019,48.5525,48.75,49.805,48.4375
10/17/2019,48.5725,49.0,49.4536,48.025
10/18/2019,47.6225,48.5775,48.905,46.875
10/21/2019,49.0025,48.24,49.1375,48.05
10/22/2019,48.9025,49.575,50.6325,48.825
10/23/2019,48.7725,48.0775,48.915,47.7575
10/24/2019,49.215,49.1875,49.5525,48.845
10/25/2019,51.135,50.025,51.3451,49.9475
10/28/2019,51.6975,51.575,52.225,51.2792
10/29/2019,50.73,51.5575,51.6225,50.535
10/30/2019,50.75,51.0,51.0575,50.065
10/31/2019,50.255,50.54,50.75,49.4525
11/01/2019,50.6475,49.9,50.9725,49.6481
11/04/2019,52.625,51.4625,52.75,51.2301
11/05/2019,52.4025,52.6225,52.885,51.92
11/06/2019,51.9075,52.16,52.4175,51.0275
11/07/2019,52.085,52.7765,52.925,51.635
11/08/2019,51.945,51.915,52.2625,51.5375
11/11/2019,52.045,51.9375,52.2775,51.07
11/12/2019,52.4025,52.43,52.965,52.0775
11/13/2019,52.1425,52.0875,52.365,51.475
11/14/2019,52.4475,52.2325,52.47,51.629
11/15/2019,51.0475,52.425,52.945,50.1594
11/18/2019,53.07,50.9725,53.3375,50.9425
11/19/2019,51.9975,52.758,52.995,51.4125
11/20/2019,52.795,51.7675,53.6375,51.6411
11/21/2019,52.545,52.75,53.31,52.3275
11/22/2019,52.7225,52.7725,53.2408,52.485
11/25/2019,55.3025,54.01,55.3525,53.88
11/26/2019,54.25,55.125,55.1724,54.185
11/27/2019,54.56,54.6675,55.0125,54.295
11/29/2019,54.185,54.25,54.535,53.945
12/02/2019,52.3125,54.115,54.25,52.16
12/03/2019,51.915,50.4675,51.955,50.0925
12/04/2019,52.355,52.755,52.98,52.0675
12/05/2019,52.185,52.575,52.7325,51.8771
12/06/2019,53.0425,52.88,53.3725,52.78
12/09/2019,53.0425,52.8125,53.5925,52.725
12/10/2019,53.495,53.345,54.015,52.815
12/11/2019,54.335,53.6,54.39,53.575
12/12/2019,56.0175,54.045,56.2,53.955
12/13/2019,55.9975,56.0475,57.245,55.455
12/16/2019,56.2875,56.475,57.0161,56.1925
12/17/2019,57.0725,56.475,57.3,56.38
12/18/2019,57.3775,57.4225,57.985,57.3375
12/19/2019,58.865,57.725,59.0,57.675
12/20/2019,59.8425,59.5325,60.0975,59.3387
12/23/2019,59.705,60.13,60.4525,59.5975
12/24/2019,59.655,59.55,59.8275,59.205
12/26/2019,59.7975,59.69,60.08,59.5
12/27/2019,59.2175,59.95,60.085,58.9525
12/30/2019,58.08,58.9975,59.05,57.765
12/31/2019,58.825,57.725,58.9188,57.5325
01/02/2020,59.9775,59.6875,59.9775,59.18
01/03/2020,59.0175,58.775,59.4575,58.525
01/06/2020,59.265,58.08,59.3175,57.8175
01/07/2020,59.9825,59.55,60.4425,59.0975
01/08/2020,60.095,59.94,60.51,59.5373
01/09/2020,60.755,60.9625,61.4824,60.2137
01/10/2020,61.08,61.8325,62.1375,60.9375
01/13/2020,62.995,61.915,63.2471,61.6875
01/14/2020,61.82,62.565,62.82,61.6875
01/15/2020,61.3925,61.9475,62.1723,61.1325
01/16/2020,62.2325,61.93,62.2925,61.6938
01/17/2020,62.32,62.425,62.5,61.8425
01/21/2020,61.985,61.9513,62.3225,61.6426
01/22/2020,62.5125,62.44,63.3975,62.25
01/23/2020,63.215,62.93,63.3,62.0375
01/24/2020,62.62,64.375,64.875,62.075
01/27/2020,60.05,59.56,60.5625,58.0575
01/28/2020,61.9925,60.7125,62.3175,60.1786
01/29/2020,61.385,61.8475,62.21,60.985
01/30/2020,61.4525,60.4025,61.5875,59.85
01/31/2020,59.1075,60.9925,61.1125,58.6875
02/03/2020,60.0825,58.925,60.2778,58.8625
02/04/2020,61.7825,61.5075,61.975,61.005
02/05/2020,62.69,62.9975,63.1,61.8525
02/06/2020,63.5613,63.035,63.5625,62.22
02/07/2020,62.8975,63.16,63.3825,62.643
02/10/2020,65.7425,63.125,65.75,63.075
02/11/2020,66.9725,66.83,68.125,66.2075
02/12/2020,68.135,67.5025,68.2,67.1119
02/13/2020,67.695,67.5525,68.37,67.2775
02/14/2020,72.4475,71.815,73.7425,71.5
02/18/2020,74.1425,71.411,74.3275,71.215
02/19/2020,78.675,75.3725,78.8525,75.3714
02/20/2020,77.175,78.1912,79.08,74.0875
02/21/2020,73.5175,76.0475,76.3,72.665
02/24/2020,68.32,67.5475,70.4681,67.0
02/25/2020,65.5125,69.076,69.6975,64.49
02/26/2020,66.9125,65.515,68.8625,65.5
02/27/2020,63.15,63.725,66.75,62.2225
02/28/2020,67.5175,60.6138,68.115,60.4475
03/02/2020,69.1075,69.225,69.3975,65.25
03/03/2020,66.4725,69.6666,70.2675,65.615
03/04/2020,71.1275,67.55,71.2225,66.8
03/05/2020,68.3225,69.125,70.8,67.875
03/06/2020,66.51,66.52,67.0975,64.5
03/09/2020,61.36,59.975,64.85,59.545
03/10/2020,65.27,64.135,65.27,61.4975
03/11/2020,61.6175,63.8638,64.15,60.6425
03/12/2020,54.0775,56.365,59.0298,53.95
03/13/2020,60.21,57.625,60.255,54.9025
03/16/2020,49.1,53.1025,56.525,48.5
03/17/2020,54.3175,50.2275,55.215,47.75
03/18/2020,50.705,50.0238,52.485,45.1702
03/19/2020,53.2425,50.49,54.1825,48.3475
03/20/2020,51.4375,54.75,57.58,51.2825
03/23/2020,53.1725,51.4275,54.12,49.63
03/24/2020,62.295,57.25,63.165,57.0125
03/25/2020,61.405,63.45,65.455,60.915
03/26/2020,64.31,63.485,65.555,62.5
03/27/2020,63.1825,62.5,65.7794,62.17
03/30/2020,66.3975,63.84,66.49,63.3975
03/31/2020,65.9,66.8,68.85,64.4375
04/01/2020,60.7675,63.9125,65.3825,60.32
04/02/2020,63.8675,61.06,64.0,60.5775
04/03/2020,60.9775,63.49,63.9075,59.5975
04/06/2020,67.1,63.81,67.47,63.2325
04/07/2020,64.7575,69.325,69.5625,64.325
04/08/2020,66.7375,65.8525,66.9875,65.15
04/09/2020,65.7375,68.0,68.23,65.105
04/13/2020,67.4625,65.1375,67.55,64.25
04/14/2020,70.9875,68.75,71.33,68.4723
04/15/2020,70.21,69.3,71.0418,68.845
04/16/2020,73.675,71.77,74.75,71.6375
04/17/2020,73.08,74.5,74.715,71.735
04/20/2020,71.7625,71.81,73.375,71.3175
04/21/2020,67.3775,70.5775,71.1925,66.7775
04/22/2020,71.5375,69.3075,71.9675,68.85
04/23/2020,71.0025,71.96,73.2844,70.75
04/24/2020,72.3975,70.9,72.4175,70.15
04/27/2020,74.27,73.7475,75.875,73.5
04/28/2020,72.84,75.75,76.05,72.785
04/29/2020,74.615,74.1925,75.145,73.4375
04/30/2020,73.07,74.0733,74.615,72.93
05/01/2020,70.695,71.0875,72.225,70.2108
05/04/2020,72.8213,70.22,72.96,70.22
05/05/2020,73.435,73.8675,75.0675,72.8225
05/06/2020,74.4475,74.2325,75.5,73.8525
05/07/2020,76.2175,75.845,76.8525,75.3307
05/08/2020,78.125,76.9375,78.1875,76.5975
05/11/2020,80.655,78.075,81.125,77.7875
05/12/2020,78.025,81.235,81.725,77.9275
05/13/2020,77.8,79.175,80.785,75.9475
05/14/2020,80.305,78.4163,80.36,76.875
05/15/2020,84.9075,78.8975,85.005,78.74
05/18/2020,87.5025,87.605,89.165,86.805
05/19/2020,88.055,87.9025,90.875,87.6275
05/20/2020,89.7,89.91,90.43,88.8875
05/21/2020,87.7525,90.515,90.5241,87.375
05/22/2020,90.2625,88.2525,90.93,87.1325
05/26/2020,87.1775,91.5675,91.8175,86.72
05/27/2020,85.2525,86.25,86.3275,79.9675
05/28/2020,84.87,84.1225,87.605,83.7925
05/29/2020,88.755,85.545,88.755,84.85
06/01/2020,88.0625,88.3325,88.4075,86.895
06/02/2020,88.2525,87.9625,88.3725,86.58
06/03/2020,87.695,88.2225,88.6625,87.0
06/04/2020,87.665,87.28,89.4325,86.775
06/05/2020,89.2,87.945,89.97,87.0798
06/08/2020,88.05,88.7725,88.8962,86.8575
06/09/2020,90.46,88.0,91.0975,87.5125
06/10/2020,93.6675,91.6775,95.0,91.535
06/11/2020,87.9625,91.5,92.6125,87.86
06/12/2020,89.325,91.625,91.8725,87.0335
06/15/2020,91.7375,88.1525,91.8225,87.4375
06/16/2020,90.685,92.25,92.6675,88.3875
06/17/2020,92.36,91.1375,92.99,90.7025
06/18/2020,92.18,92.27,92.825,91.145
06/19/2020,92.6125,92.425,94.45,92.2734
06/22/2020,95.2675,93.0,95.3125,92.733
06/23/2020,94.5,95.51,96.425,94.075
06/24/2020,92.355,94.7625,95.5638,91.445
06/25/2020,94.9,93.5575,95.05,91.8225
06/26/2020,91.55,95.0,95.0,91.25
06/29/2020,92.0,91.6975,92.045,89.0
06/30/2020,94.9775,93.1399,95.2625,92.665
07/01/2020,95.3,95.2075,95.7567,94.13
07/02/2020,96.1225,96.39,97.375,95.7825
07/06/2020,98.3925,97.4175,99.0875,97.125
07/07/2020,98.7175,99.4625,100.7,98.5075
07/08/2020,102.16,99.9375,102.25,99.655
07/09/2020,105.09,103.8025,105.7,102.335
07/10/2020,104.7925,105.8875,106.5525,103.7875
07/13/2020,100.5225,105.95,107.9225,100.25
07/14/2020,103.77,100.75,104.0275,97.855
07/15/2020,102.2725,104.1425,104.33,100.5575
07/16/2020,101.3475,100.15,102.0675,98.955
07/17/2020,102.015,102.255,102.485,100.8775
07/20/2020,105.1075,102.7425,105.3125,101.5675
07/21/2020,103.285,105.13,105.5993,102.8675
07/22/2020,104.3875,103.675,106.025,102.9156
07/23/2020,101.2975,104.5,105.47,100.3125
07/24/2020,101.945,98.75,103.6475,97.77
07/27/2020,104.215,102.3225,104.4175,102.1775
07/28/2020,102.155,103.7425,103.82,102.0925
07/29/2020,104.655,103.908,105.1625,103.47
07/30/2020,106.14,103.75,106.2305,102.9525
07/31/2020,106.1475,105.6325,107.665,104.33
08/03/2020,110.1025,107.325,110.9875,107.1525
08/04/2020,112.2775,110.5,112.2775,109.06
08/05/2020,112.8675,112.44,113.7168,111.6625
08/06/2020,113.355,113.4975,113.58,111.7875
08/07/2020,111.995,113.125,115.0475,110.375
08/10/2020,111.65,113.3425,114.0825,108.565
08/11/2020,108.5,110.7375,111.3675,107.9575
08/12/2020,114.4025,109.9075,114.67,109.5825
08/13/2020,114.43,115.46,117.2175,113.5575
08/14/2020,115.64,115.3,117.0475,114.405
08/17/2020,123.37,118.5125,124.0975,118.1719
08/18/2020,122.6075,124.5,124.96,120.8625
08/19/2020,121.385,122.965,123.15,120.98
08/20/2020,121.41,119.75,123.75,118.7875
08/21/2020,126.835,122.0175,128.087,121.9516
08/24/2020,127.2025,128.8375,129.125,125.075
08/25/2020,127.5,126.3075,127.6125,125.7375
08/26/2020,127.73,127.9924,128.6849,126.7775
08/27/2020,126.2825,127.815,128.5,125.6643
08/28/2020,131.4775,126.7493,131.48,126.425
08/31/2020,133.745,131.8278,135.75,130.3775
09/01/2020,138.21,134.8,139.9375,134.365
09/02/2020,143.465,147.0375,147.2675,139.0
09/03/2020,130.155,138.2863,138.845,128.7875
09/04/2020,126.225,127.8375,131.75,117.0475
09/08/2020,119.13,117.345,125.5,117.0425
09/09/2020,127.15,124.0,128.0925,122.3175
09/10/2020,123.1175,129.8925,130.6525,121.67
09/11/2020,121.645,124.855,126.525,118.9575
09/14/2020,128.7225,130.81,133.15,126.3114
09/15/2020,129.91,132.8,132.9875,128.2775
09/16/2020,125.145,129.5725,130.9275,125.1375
09/17/2020,124.635,121.3223,125.8975,120.3475
09/18/2020,121.8925,125.9375,126.325,119.8875
09/21/2020,125.1725,119.25,125.225,119.045
09/22/2020,126.3775,125.75,126.48,121.5555
09/23/2020,121.2375,125.755,127.27,120.7925
09/24/2020,123.48,120.7225,125.695,120.14
09/25/2020,128.7375,124.475,128.835,122.4575
09/28/2020,130.35,130.4025,130.5175,127.5
09/29/2020,132.2575,129.375,134.4275,129.3325
09/30/2020,135.305,131.575,136.225,131.5025
10/01/2020,136.145,137.58,137.6274,134.6075
10/02/2020,130.6225,132.25,135.195,130.51
10/05/2020,136.425,132.36,136.4425,132.2277
10/06/2020,137.365,138.3,141.42,136.65
10/07/2020,139.64,139.9975,141.1925,138.635
10/08/2020,138.3875,140.75,140.845,137.58
10/09/2020,137.6275,137.67,138.2425,136.6075
10/12/2020,142.26,139.895,143.47,139.125
10/13/2020,142.4825,142.965,143.485,140.1863
10/14/2020,140.9525,142.905,143.4275,139.6
10/15/2020,139.7,138.1068,140.0575,137.6775
10/16/2020,138.115,140.3675,141.215,137.925
10/19/2020,134.9775,139.0288,139.835,134.0675
10/20/2020,136.455,135.835,137.9975,135.07
10/21/2020,135.2475,136.25,137.915,134.775
10/22/2020,133.61,135.225,136.1175,132.3175
10/23/2020,135.9025,134.5,135.9325,132.9125
10/26/2020,131.4125,134.27,136.9279,130.385
10/27/2020,133.9675,133.06,134.42,131.915
10/28/2020,126.27,131.98,132.6,126.09
10/29/2020,130.24,128.385,131.9275,127.5
10/30/2020,125.34,128.5,129.3638,123.0
11/02/2020,125.8075,126.5775,128.3666,123.95
11/03/2020,130.195,127.085,131.05,126.0275
11/04/2020,137.9425,133.8925,138.275,133.3688
11/05/2020,141.6,141.625,143.39,139.91
11/06/2020,145.62,141.0975,145.8875,138.95
11/09/2020,136.3075,145.525,146.915,136.1075
11/10/2020,127.7,136.065,136.065,126.2825
11/11/2020,134.18,130.5375,134.3488,129.4825
11/12/2020,134.5675,134.7893,137.66,133.16
11/13/2020,132.97,136.2728,136.6875,130.5925
11/16/2020,135.1525,131.725,136.495,131.56
11/17/2020,134.2225,135.525,135.9625,133.0387
11/18/2020,134.2875,134.6525,136.0575,131.85
11/19/2020,134.4025,132.1275,134.875,131.0
11/20/2020,130.8775,134.54,134.945,130.65
11/23/2020,131.4,131.7113,133.825,130.155
11/24/2020,129.5775,131.425,131.62,128.85
11/25/2020,132.3475,130.325,132.6939,130.2
11/27/2020,132.6125,133.75,134.075,131.7055
11/30/2020,134.015,132.65,134.125,129.7235
12/01/2020,133.9,134.9225,135.2875,132.2825
12/02/2020,135.445,133.505,136.7344,132.3425
12/03/2020,133.96,135.875,136.6,133.29
12/04/2020,135.5825,134.485,135.6,133.8869
12/07/2020,136.0675,136.0125,137.3125,135.0
12/08/2020,133.5,135.85,135.9875,132.815
12/09/2020,129.3075,133.005,134.14,128.6824
12/10/2020,129.7225,128.69,130.6875,128.4938
12/11/2020,130.1325,129.6725,130.2,128.23
12/14/2020,133.0875,130.8788,133.8875,130.775
12/15/2020,133.605,134.3975,134.64,131.8675
12/16/2020,132.425,134.225,134.3725,132.125
12/17/2020,133.4125,133.6675,133.795,131.785
12/18/2020,132.72,133.79,134.05,130.705
12/21/2020,133.3225,130.7475,133.7,129.675
12/22/2020,132.7825,133.1925,133.3725,130.5388
12/23/2020,130.0925,132.56,132.75,130.05
12/24/2020,129.9375,130.3725,131.325,129.3875
12/28/2020,129.0,130.625,130.625,127.6318
12/29/2020,129.4325,129.25,130.725,128.4225
12/30/2020,131.4575,129.903,132.1375,128.9675
12/31/2020,130.55,131.365,131.5112,129.15
01/04/2021,131.135,131.0425,136.525,129.625
01/05/2021,134.0475,130.9975,134.435,130.87
01/06/2021,126.145,132.225,132.45,125.86
01/07/2021,133.44,129.675,133.7775,128.865
01/08/2021,132.7675,133.625,134.21,130.42
01/11/2021,136.215,134.1875,139.61,133.625
01/12/2021,134.8475,137.525,137.545,133.45
01/13/2021,135.3175,134.8997,136.25,133.85
01/14/2021,132.0025,135.75,135.9975,131.805
01/15/2021,128.595,132.28,133.2525,128.485
01/19/2021,130.2525,130.1625,130.9398,128.44
01/20/2021,133.6575,131.1175,134.305,130.5675
01/21/2021,138.675,134.186,139.9936,132.53
01/22/2021,137.125,137.4009,138.4173,136.2725
01/25/2021,136.5325,137.8175,138.285,132.3648
01/26/2021,134.3525,135.8045,136.4475,133.875
01/27/2021,129.1775,132.3,132.3275,127.9375
01/28/2021,130.51,129.9625,133.3975,129.605
01/29/2021,129.8975,130.75,133.3475,129.1151
02/01/2021,132.37,130.5335,132.7075,129.0275
02/02/2021,135.5675,133.9875,135.72,132.855
02/03/2021,135.305,136.36,139.3175,135.165
02/04/2021,136.6425,135.31,136.735,133.3786
02/05/2021,135.91,137.25,137.3725,135.4575
02/08/2021,144.3875,137.2722,144.7375,137.2722
02/09/2021,142.6325,143.4063,145.8325,142.225
02/10/2021,147.6425,144.6325,149.05,143.4137
02/11/2021,152.5075,149.8025,152.7225,149.25
02/12/2021,149.6125,150.5,152.9114,147.75
02/16/2021,153.3025,150.6425,153.725,149.5
02/17/2021,149.06,151.71,152.2352,147.8
02/18/2021,148.29,147.29,148.7325,145.75
02/19/2021,149.265,150.245,151.77,148.467
02/22/2021,143.5575,147.7475,151.3325,143.25
02/23/2021,141.42,140.7525,142.3875,133.895
02/24/2021,144.99,141.2275,145.0675,137.56
02/25/2021,133.075,140.4543,143.7475,132.1625
02/26/2021,137.145,137.525,138.545,133.61
03/01/2021,138.4175,138.75,139.25,135.5325
03/02/2021,134.0625,139.0,139.205,133.96
03/03/2021,128.0475,134.2625,134.515,127.9875
03/04/2021,123.7025,128.0075,129.75,120.8375
03/05/2021,124.615,125.5,125.5,116.7925
03/08/2021,115.9325,124.5,124.7125,115.665
03/09/2021,125.2025,121.3025,126.1675,120.5925
03/10/2021,124.6825,128.405,129.8,124.575
03/11/2021,129.935,129.5,130.4625,127.345
03/12/2021,128.56,126.4825,128.8875,125.9
03/15/2021,131.9125,128.6475,132.0675,127.6713
03/16/2021,132.9125,133.565,135.125,131.1675
03/17/2021,133.4125,130.3975,134.5325,129.895
03/18/2021,127.225,131.365,131.84,127.1704
03/19/2021,128.4575,127.5,129.215,126.125
03/22/2021,131.8625,129.1275,133.945,129.0675
03/23/2021,130.7075,132.5425,133.445,130.2125
03/24/2021,126.43,131.5125,131.5913,126.3675
03/25/2021,125.3525,124.995,127.1475,122.72
03/26/2021,128.3925,125.545,128.5625,123.735
03/29/2021,129.4825,128.2025,130.625,127.0
03/30/2021,128.7175,128.4195,129.7525,127.05
03/31/2021,133.4825,130.155,134.705,129.825
04/01/2021,138.1175,135.7225,138.7,135.1125
04/05/2021,139.875,138.675,140.1396,137.33
04/06/2021,138.615,139.9968,140.5412,137.7362
04/07/2021,141.435,138.8075,142.435,137.115
04/08/2021,143.17,142.5275,144.715,142.4894
04/09/2021,144.0,142.14,144.08,141.75
04/12/2021,152.09,142.8975,153.525,141.3925
04/13/2021,156.795,152.315,157.0,151.2575
04/14/2021,152.77,156.25,157.2046,152.275
04/15/2021,161.3725,156.625,162.1415,156.315
04/16/2021,159.125,160.531,161.6575,158.6525
04/19/2021,153.6175,155.3654,158.075,152.33
04/20/2021,151.7125,153.2325,154.97,149.63
04/21/2021,153.605,151.1875,153.625,151.0225
04/22/2021,148.5025,153.75,154.3857,147.835
04/23/2021,152.6525,149.3438,153.3488,149.0025
04/26/2021,154.78,151.8505,154.79,151.25
04/27/2021,153.8175,155.785,156.705,153.545
04/28/2021,152.7675,153.645,155.3225,152.1552
04/29/2021,153.2475,154.0,154.365,150.715
04/30/2021,150.095,151.745,153.65,149.97
05/03/2021,148.3675,151.25,152.4675,147.875
05/04/2021,143.5125,146.3725,146.375,140.1025
05/05/2021,144.585,147.09,148.135,143.875
05/06/2021,145.23,144.9525,145.7125,142.1809
05/07/2021,148.1225,148.0825,149.7075,146.7171
05/10/2021,142.6575,147.8725,148.06,142.5
05/11/2021,143.0625,138.25,143.5475,137.5
05/12/2021,137.585,140.095,142.6025,137.0925
05/13/2021,136.6525,140.3375,140.8075,134.59
05/14/2021,142.43,138.9,143.281,137.485
05/17/2021,141.655,141.57,141.6925,138.535
05/18/2021,140.1575,142.67,144.0425,140.04
05/19/2021,140.6575,135.665,140.795,135.4325
05/20/2021,146.125,143.025,146.8379,142.705
05/21/2021,149.9175,151.6375,152.22,148.6939
05/24/2021,156.12,152.125,157.45,151.76
05/25/2021,156.4775,157.66,158.185,154.825
05/26/2021,157.0,157.3425,157.9375,155.8625
05/27/2021,154.88,156.9975,157.5,154.6
05/28/2021,162.445,155.01,162.7748,155.01
06/01/2021,162.645,162.7,163.8812,159.0325
06/02/2021,167.7825,162.5225,169.1887,162.355
06/03/2021,169.6975,167.0075,172.59,165.83
06/04/2021,175.7825,171.125,176.61,170.955
06/07/2021,176.19,175.7115,178.125,171.9275
06/08/2021,174.57,175.2725,176.2159,172.51
06/09/2021,173.5825,175.1575,175.75,172.5575
06/10/2021,174.25,173.5,174.92,171.76
06/11/2021,178.2525,174.795,179.3922,174.4375
06/14/2021,180.1875,179.06,180.395,176.6275
06/15/2021,177.885,179.15,180.1625,177.2795
06/16/2021,178.1025,177.9075,179.5468,175.8442
06/17/2021,186.5725,177.7457,188.35,177.5625
06/18/2021,186.3875,187.84,193.75,185.84
06/21/2021,184.2725,184.3525,185.365,178.2265
06/22/2021,188.8675,184.715,189.6375,183.8587
06/23/2021,190.5725,190.0775,191.5275,189.0775
06/24/2021,192.055,192.2775,194.2,190.8825
06/25/2021,190.31,192.805,193.455,188.9437
06/28/2021,199.85,193.6125,200.7875,193.19
06/29/2021,200.2675,198.825,200.9875,196.5687
06/30/2021,200.025,199.9913,201.625,198.6375
07/01/2021,202.12,201.25,204.56,200.19
07/02/2021,204.87,204.4013,205.0525,202.8775
07/06/2021,206.985,207.375,208.42,203.5025
07/07/2021,203.7175,208.535,208.75,203.3205
07/08/2021,199.0275,198.565,201.33,197.0075
07/09/2021,200.5025,199.625,200.8013,197.5425
07/12/2021,205.125,202.4,205.3275,201.8775
07/13/2021,202.5,204.005,204.6125,201.14
07/14/2021,198.415,203.5775,204.1775,197.5275
07/15/2021,189.6625,198.1175,198.47,188.585
07/16/2021,181.61,190.305,191.5711,180.73
07/19/2021,187.7975,179.1525,190.42,178.655
07/20/2021,186.12,187.3,188.38,181.64
07/21/2021,194.1,188.82,195.27,187.42
07/22/2021,195.94,196.42,198.87,192.76
07/23/2021,195.58,196.564,197.0,192.5
07/26/2021,192.94,193.11,194.42,189.14
07/27/2021,192.08,192.65,196.22,187.41
07/28/2021,195.03,193.192,196.46,189.95
07/29/2021,196.62,195.19,198.53,193.2803
07/30/2021,194.99,194.18,196.3,192.63
08/02/2021,197.5,197.0,199.61,193.61
08/03/2021,198.15,197.4,202.22,192.2
08/04/2021,202.74,199.9,203.18,198.28
08/05/2021,206.37,205.0,207.33,203.42
08/06/2021,203.66,205.24,205.7,202.1
08/09/2021,202.95,204.46,205.0799,201.43
08/10/2021,199.36,203.22,204.3,198.3454
08/11/2021,196.99,200.43,200.49,194.3
08/12/2021,199.05,198.7,200.2899,196.2
08/13/2021,201.88,199.05,202.1381,198.51
08/16/2021,199.5,201.35,202.87,194.53
08/17/2021,194.58,196.85,197.7,192.67
08/18/2021,190.4,195.0,196.3365,190.0
08/19/2021,197.98,194.94,204.95,187.62
08/20/2021,208.16,199.91,208.6506,199.33
08/23/2021,219.58,209.71,219.97,209.5
08/24/2021,217.93,217.53,219.59,215.35
08/25/2021,222.13,217.37,224.7,217.22
08/26/2021,220.68,222.0,223.4,217.9
08/27/2021,226.36,221.84,227.22,221.67
08/30/2021,226.88,228.3,230.43,225.51
08/31/2021,223.85,226.95,226.95,221.2
09/01/2021,224.41,224.85,226.97,223.565
09/02/2021,223.96,225.18,225.9299,222.945
09/03/2021,228.43,223.25,229.86,222.0
09/07/2021,226.62,228.33,228.99,225.224
09/08/2021,223.39,225.13,226.1,219.77
09/09/2021,221.77,223.12,225.38,221.31
09/10/2021,224.78,223.483,226.26,222.7
09/13/2021,221.52,226.84,229.64,218.58
09/14/2021,222.42,222.75,224.1,220.86
09/15/2021,223.41,223.09,223.6699,219.66
09/16/2021,222.42,221.835,222.77,219.27
09/17/2021,219.0,223.0,223.21,218.3
09/20/2021,211.13,211.46,214.33,206.62
09/21/2021,212.46,214.165,214.25,209.5
09/22/2021,219.41,213.655,219.6,211.96
09/23/2021,224.82,221.4,225.345,218.9
09/24/2021,220.81,220.7,221.49,218.61
09/27/2021,216.6,217.104,217.99,213.25
09/28/2021,206.99,212.135,214.19,206.51
09/29/2021,205.17,209.395,210.17,204.67
09/30/2021,207.16,207.684,210.66,206.88
10/01/2021,207.42,207.5,208.59,202.03
10/04/2021,197.32,205.04,205.4179,195.55
10/05/2021,204.51,199.5,206.48,198.54
10/06/2021,207.0,201.2,207.2,200.8
10/07/2021,210.75,210.92,213.22,209.72
10/08/2021,208.31,211.01,212.06,207.75
10/11/2021,206.95,205.75,210.63,205.11
10/12/2021,206.71,208.275,210.57,205.28
10/13/2021,209.39,209.18,209.9,207.13
10/14/2021,217.46,212.88,217.55,211.2201
10/15/2021,218.62,218.1,219.31,216.62
10/18/2021,222.22,217.49,222.91,216.44
10/19/2021,222.9,222.76,223.79,220.37
10/20/2021,221.03,223.045,224.33,219.82
10/21/2021,226.92,220.97,227.11,220.83
10/22/2021,227.26,228.23,231.3,225.61
10/25/2021,231.66,229.73,233.5499,227.7
10/26/2021,247.17,239.89,252.59,239.24
10/27/2021,244.51,244.74,250.9,242.8201
10/28/2021,249.41,248.78,249.5,245.23
10/29/2021,255.67,250.005,257.09,250.0
11/01/2021,258.27,256.49,258.94,252.27
11/02/2021,264.01,258.22,266.78,258.0
11/03/2021,265.98,266.7,267.84,262.35
11/04/2021,298.01,272.29,313.65,271.18
11/05/2021,297.52,301.87,314.0,294.1
11/08/2021,308.04,301.49,311.0,299.07
11/09/2021,306.57,322.82,323.1,299.64
11/10/2021,294.59,293.56,308.5,287.78
11/11/2021,303.9,304.68,305.9,297.7701
11/12/2021,303.9,300.1,306.8,296.3
11/15/2021,300.25,305.52,306.44,292.47
11/16/2021,302.03,297.59,303.9,297.0587
11/17/2021,292.61,304.18,305.09,288.0
11/18/2021,316.75,323.67,327.6,313.21
11/19/2021,329.85,322.43,330.88,319.05
11/22/2021,319.56,335.17,346.47,319.0
11/23/2021,317.46,315.35,323.6,308.8
11/24/2021,326.74,314.61,328.55,309.28
11/26/2021,315.03,326.0,327.1,313.5
11/29/2021,333.76,323.66,334.12,320.36
11/30/2021,326.76,331.69,333.53,318.6401
12/01/2021,314.35,332.1947,332.8934,313.8
12/02/2021,321.26,312.14,324.7799,310.25
12/03/2021,306.93,320.0,321.29,301.3
12/06/2021,300.37,298.8,302.41,280.38
12/07/2021,324.27,309.57,324.49,306.51
12/08/2021,318.26,319.99,322.9,314.2101
12/09/2021,304.9,317.34,322.05,304.28
12/10/2021,301.98,311.5,313.05,298.61
12/13/2021,281.61,302.49,302.94,281.16
12/14/2021,283.37,276.99,286.78,272.5
12/15/2021,304.59,284.0,305.0,278.38
12/16/2021,283.87,311.52,311.6,280.93
12/17/2021,278.01,279.85,289.22,277.6
12/20/2021,277.19,273.05,281.44,271.45
12/21/2021,290.75,283.74,291.2,274.01
12/22/2021,294.0,288.91,295.55,284.49
12/23/2021,296.4,297.55,300.59,294.3101
12/27/2021,309.45,296.6,310.865,296.4
12/28/2021,303.22,313.12,313.3,300.1181
12/29/2021,300.01,302.725,305.48,293.66
12/30/2021,295.86,298.27,304.57,295.4
12/31/2021,294.11,296.74,300.3,293.3057
01/03/2022,301.21,298.15,307.11,297.85
01/04/2022,292.9,302.77,304.68,283.49
01/05/2022,276.04,289.49,294.16,275.33
01/06/2022,281.78,276.4,284.3799,270.65
01/07/2022,272.47,281.41,284.22,270.57
01/10/2022,274.0,265.81,274.69,256.4384
01/11/2022,278.17,273.225,280.65,268.39
01/12/2022,279.99,280.665,285.95,276.08
01/13/2022,265.75,283.79,284.8,264.98
01/14/2022,269.42,263.0,271.969,262.1001
01/18/2022,259.03,262.6,266.38,257.7
01/19/2022,250.67,260.79,265.4317,250.52
01/20/2022,241.5,253.04,255.7904,240.78
01/21/2022,233.74,235.07,248.23,232.63
01/24/2022,233.72,223.3,233.8,208.88
01/25/2022,223.24,225.46,229.43,220.0
01/26/2022,227.72,232.4,240.57,223.0
01/27/2022,219.44,235.68,239.95,216.75
01/28/2022,228.4,220.122,228.58,212.96
01/31/2022,244.86,231.82,245.09,230.52
02/01/2022,246.38,251.04,251.45,238.9001
02/02/2022,252.42,257.94,258.17,245.5301
02/03/2022,239.48,244.58,250.77,237.8
02/04/2022,243.19,239.72,246.35,236.32
02/07/2022,247.28,243.72,251.82,242.02
02/08/2022,251.08,243.59,252.3,239.8
02/09/2022,267.05,256.22,267.25,253.53
02/10/2022,258.24,259.95,269.2499,256.0
02/11/2022,239.49,259.16,261.52,237.73
02/14/2022,242.67,239.34,248.75,237.55
02/15/2022,264.95,249.49,265.45,247.84
02/16/2022,265.11,262.59,265.82,255.52
02/17/2022,245.07,256.3,257.85,241.65
02/18/2022,236.42,246.675,249.86,231.0
02/22/2022,233.9,230.35,240.6399,230.0
02/23/2022,223.87,238.02,241.5499,223.01
02/24/2022,237.48,210.15,238.0,208.9
02/25/2022,241.57,237.21,242.17,233.81
02/28/2022,243.85,239.92,246.65,237.0701
03/01/2022,234.77,242.91,243.77,231.32
03/02/2022,242.2,237.56,244.09,234.15
03/03/2022,237.14,242.615,243.2599,234.69
03/04/2022,229.36,233.84,236.8,224.82
03/07/2022,213.52,228.17,230.33,213.3
03/08/2022,215.14,213.09,223.7299,206.5
03/09/2022,230.14,223.87,232.2,222.47
03/10/2022,226.58,225.31,227.88,218.82
03/11/2022,221.0,230.22,231.45,220.46
03/14/2022,213.3,218.69,222.62,211.5901
03/15/2022,229.73,215.18,230.38,213.2201
03/16/2022,244.96,235.0,245.97,231.72
03/17/2022,247.66,241.2,248.42,239.06
03/18/2022,264.53,247.99,265.6899,246.24
03/21/2022,267.34,265.07,271.5199,259.67
03/22/2022,265.24,267.27,272.38,260.72
03/23/2022,256.34,261.26,266.115,255.7501
03/24/2022,281.5,261.66,283.1999,259.07
03/25/2022,276.92,278.86,283.58,272.71
03/28/2022,282.19,277.555,282.5,272.06
03/29/2022,286.56,286.945,289.46,279.8
03/30/2022,276.9,283.04,284.955,275.03
03/31/2022,272.86,277.82,282.48,272.7
04/01/2022,267.12,273.75,274.96,262.67
04/04/2022,273.6,267.28,275.58,266.13
04/05/2022,259.31,272.54,273.19,258.2
04/06/2022,244.07,249.34,253.0,240.03
04/07/2022,242.08,244.41,247.22,234.78
04/08/2022,231.19,239.17,239.23,230.6201
04/11/2022,219.17,222.14,223.1994,216.6
04/12/2022,215.04,225.37,227.25,212.8204
04/13/2022,222.03,217.28,225.0,214.55
04/14/2022,212.58,225.05,227.77,211.63
04/18/2022,217.83,212.0,220.88,210.79
04/19/2022,221.98,217.2,223.73,213.14
04/20/2022,214.82,225.171,226.7037,212.0
04/21/2022,201.83,217.092,223.92,200.0
04/22/2022,195.15,203.03,204.86,195.0
04/25/2022,199.02,192.02,199.45,190.96
04/26/2022,187.88,197.18,197.88,186.7
04/27/2022,184.15,185.98,191.67,182.9
04/28/2022,197.82,189.67,200.37,184.8957
04/29/2022,185.47,194.02,201.2848,185.17
05/02/2022,195.33,185.405,195.74,183.91
05/03/2022,196.02,194.0,198.25,191.33
05/04/2022,203.34,199.23,204.0,187.51
05/05/2022,188.44,198.67,199.25,185.0
05/06/2022,186.75,187.36,195.12,179.9
05/09/2022,169.5,180.34,182.55,168.27
05/10/2022,175.95,176.89,181.98,170.25
05/11/2022,166.3,173.47,177.53,165.68
05/12/2022,161.75,162.191,167.88,155.67
05/13/2022,177.06,167.88,179.2843,165.925
05/16/2022,172.64,175.09,177.88,171.06
05/17/2022,181.77,180.74,183.71,176.34
05/18/2022,169.38,177.05,181.18,168.64
05/19/2022,171.24,169.37,176.87,167.3405
05/20/2022,166.94,173.32,174.1,157.55
05/23/2022,168.98,162.74,169.15,161.7901
05/24/2022,161.54,165.1,165.97,157.8
05/25/2022,169.75,160.2,171.1099,160.0
05/26/2022,178.51,160.36,180.92,160.22
05/27/2022,188.11,181.86,188.81,181.0
05/31/2022,186.72,189.8,192.0,183.5
06/01/2022,183.2,187.24,190.5318,181.22
06/02/2022,195.92,182.92,196.19,181.98
06/03/2022,187.2,190.815,193.323,185.2156
06/06/2022,187.86,191.39,193.37,185.642
06/07/2022,189.26,184.72,190.0,181.88
06/08/2022,186.48,187.99,191.8,185.35
06/09/2022,180.48,184.81,189.33,180.41
06/10/2022,169.74,176.0,176.97,168.69
06/13/2022,156.47,160.0,163.12,156.06
06/14/2022,158.36,157.31,160.66,154.12
06/15/2022,165.27,160.95,168.68,159.26
06/16/2022,156.01,158.6,159.4232,154.01
06/17/2022,158.8,156.48,159.95,153.28
06/21/2022,165.66,164.745,170.08,164.07
06/22/2022,163.6,162.26,166.62,161.8
06/23/2022,162.25,165.185,165.85,158.53
06/24/2022,171.26,165.0,171.4,163.1
06/27/2022,168.69,173.12,173.3,166.255
06/28/2022,159.82,169.0,172.0199,159.45
06/29/2022,155.42,158.14,158.2,151.7
06/30/2022,151.59,153.61,155.67,148.62
07/01/2022,145.23,148.99,150.6291,143.92
07/05/2022,149.64,141.75,149.71,140.55
07/06/2022,151.3,150.1,153.1899,147.89
07/07/2022,158.58,154.555,159.45,153.89
07/08/2022,158.38,154.3,160.3699,153.89
07/11/2022,151.52,155.26,155.2699,150.3801
07/12/2022,150.82,152.68,154.31,148.77
07/13/2022,151.64,145.9,153.75,144.65
07/14/2022,153.72,151.08,154.7299,147.28
07/15/2022,157.62,156.59,157.82,154.45
07/18/2022,161.01,163.02,168.97,160.02
07/19/2022,169.92,164.86,171.1,161.7201
07/20/2022,178.07,169.47,179.325,168.01
07/21/2022,180.5,178.85,181.44,175.4456
07/22/2022,173.19,178.93,179.67,171.365
07/25/2022,170.24,170.19,171.24,166.49
07/26/2022,165.33,168.89,169.19,164.78
07/27/2022,177.9,170.32,179.36,169.1301
07/28/2022,179.84,179.75,181.4,174.4
07/29/2022,181.63,178.13,182.44,176.92
08/01/2022,184.41,181.82,188.46,179.9
08/02/2022,185.26,181.22,189.3753,180.92
08/03/2022,188.93,181.84,189.68,181.37
08/04/2022,192.15,188.49,192.74,187.6
08/05/2022,189.89,188.1,192.2892,186.66
08/08/2022,177.93,175.02,182.39,172.42
08/09/2022,170.86,172.52,174.4719,167.24
08/10/2022,180.97,176.98,181.18,173.1701
08/11/2022,179.42,181.31,187.07,178.76
08/12/2022,187.09,181.6,187.18,179.53
08/15/2022,190.32,187.01,191.64,186.13
08/16/2022,188.79,189.195,191.42,185.01
08/17/2022,183.35,185.23,186.88,181.45
08/18/2022,187.73,183.01,188.6499,181.83
08/19/2022,178.49,184.06,185.2,177.7
08/22/2022,170.34,174.9,175.58,169.66
08/23/2022,171.81,169.885,174.65,169.7
08/24/2022,172.22,170.12,174.06,168.95
08/25/2022,179.13,168.44,179.47,168.33
08/26/2022,162.6,178.57,179.24,162.37
08/29/2022,158.01,160.2,163.38,157.67
08/30/2022,154.68,159.6,160.39,151.82
08/31/2022,150.94,153.84,155.4,149.5851
09/01/2022,139.37,142.09,143.8,132.7021
09/02/2022,136.47,141.0,141.71,135.91
09/06/2022,134.65,137.31,137.79,133.51
09/07/2022,137.14,135.63,138.38,133.46
09/08/2022,139.9,134.59,140.08,133.69
09/09/2022,143.87,141.57,144.74,141.26
09/12/2022,145.05,143.69,145.47,141.98
09/13/2022,131.31,138.02,139.22,130.99
09/14/2022,131.28,132.54,132.8999,129.13
09/15/2022,129.29,130.152,132.3299,127.9
09/16/2022,131.98,127.415,132.12,126.17
09/19/2022,133.82,130.12,134.63,130.1
09/20/2022,131.76,132.145,134.8276,130.57
09/21/2022,132.61,132.13,140.31,131.1
09/22/2022,125.61,130.7,131.4897,124.28
09/23/2022,125.16,124.2,126.11,122.57
09/26/2022,122.28,124.91,126.59,122.14
09/27/2022,124.13,125.07,127.36,122.58
09/28/2022,127.36,124.1,128.23,123.5386
09/29/2022,122.2,124.48,125.0,119.4601
09/30/2022,121.39,120.87,126.33,120.75
10/03/2022,125.12,123.47,126.78,121.05
10/04/2022,131.67,128.79,132.2,128.79
10/05/2022,132.09,129.107,133.21,126.21
10/06/2022,131.3,132.2,136.56,131.03
10/07/2022,120.76,125.05,126.7,120.22
10/10/2022,116.7,120.37,121.2432,114.0812
10/11/2022,115.86,115.61,118.46,112.83
10/12/2022,115.0,115.79,117.35,113.45
10/13/2022,119.6,109.71,120.7799,108.13
10/14/2022,112.27,120.57,121.11,112.04
10/17/2022,118.88,115.18,119.48,115.17
10/18/2022,119.67,123.44,124.92,116.18
10/19/2022,120.51,118.79,123.5,118.34
10/20/2022,121.94,121.13,127.69,121.05
10/21/2022,124.66,120.982,124.98,118.87
10/24/2022,125.99,125.08,127.1,120.64
10/25/2022,132.61,126.935,133.0,126.64
10/26/2022,128.96,128.69,133.88,127.08
10/27/2022,131.76,136.3,138.38,131.22
10/28/2022,138.34,131.04,138.5,130.61
10/31/2022,134.97,137.78,138.38,132.97
11/01/2022,135.43,138.11,139.25,135.19
11/02/2022,132.19,138.5,142.1,132.1124
11/03/2022,134.21,130.43,137.81,129.56
11/04/2022,141.56,139.86,142.29,136.97
11/07/2022,143.01,142.28,144.12,139.54
11/08/2022,146.02,148.01,148.9101,142.16
11/09/2022,137.76,141.615,142.11,137.5901
11/10/2022,157.5,148.0,157.73,145.47
11/11/2022,163.27,158.075,163.89,154.82
11/14/2022,162.95,162.18,165.4,159.22
11/15/2022,166.66,167.215,169.98,163.82
11/16/2022,159.1,161.615,163.62,158.73
11/17/2022,156.77,157.15,162.66,155.35
11/18/2022,154.09,159.66,160.02,151.2001
11/21/2022,153.17,151.47,154.77,150.8
11/22/2022,160.38,153.28,160.5757,151.216
11/23/2022,165.19,160.98,165.27,160.4801
11/25/2022,162.7,163.18,164.87,161.72
11/28/2022,158.27,160.26,163.57,157.25
11/29/2022,156.39,158.27,159.32,155.2
11/30/2022,169.23,156.97,169.3,155.97
12/01/2022,171.35,169.99,172.65,166.35
12/02/2022,168.76,166.59,169.3257,164.45
12/05/2022,166.1,166.79,169.95,164.7201
12/06/2022,159.87,165.3,165.73,158.19
12/07/2022,161.2,157.72,161.86,156.67
12/08/2022,171.69,162.73,171.79,159.59
12/09/2022,170.01,171.6,175.83,169.75
12/12/2022,175.35,170.37,175.38,167.97
12/13/2022,180.72,185.31,187.9,177.11
12/14/2022,176.74,179.87,182.52,174.2
12/15/2022,169.52,171.46,173.2,167.0
12/16/2022,165.71,168.642,170.41,164.1
12/19/2022,162.54,165.72,166.09,161.45
12/20/2022,160.85,160.64,163.1,158.52
12/21/2022,165.01,161.14,166.27,161.02
12/22/2022,153.39,160.935,161.38,148.82
12/23/2022,152.06,151.96,153.39,148.83
12/27/2022,141.21,150.74,151.0,140.56
12/28/2022,140.36,139.27,142.62,138.84
12/29/2022,146.03,144.02,146.83,142.27
12/30/2022,146.14,143.34,146.2899,142.33
01/03/2023,143.15,148.51,149.96,140.96
01/04/2023,147.49,145.67,148.53,142.41
01/05/2023,142.65,144.91,145.64,141.4795
01/06/2023,148.59,144.74,150.1,140.34
01/09/2023,156.28,152.84,160.56,151.41
01/10/2023,159.09,155.07,159.6199,154.72
01/11/2023,160.01,158.395,160.28,155.63
01/12/2023,165.11,161.0,166.37,154.92
01/13/2023,168.99,162.78,169.22,161.65
01/17/2023,177.02,168.99,177.28,168.99
01/18/2023,173.77,176.67,178.73,172.82
01/19/2023,167.65,170.36,171.97,167.31
01/20/2023,178.39,170.11,178.56,168.25
01/23/2023,191.93,180.64,192.45,178.175
01/24/2023,192.65,188.27,194.95,188.2
01/25/2023,193.23,189.125,193.7,185.8
01/26/2023,198.02,197.01,201.66,192.78
01/27/2023,203.65,194.62,206.28,194.05
01/30/2023,191.62,199.5,201.4,191.5
01/31/2023,195.37,191.695,196.87,189.5
02/01/2023,209.43,196.91,211.92,196.11
02/02/2023,217.09,210.0,219.49,207.0
02/03/2023,211.0,210.0,217.4499,207.89
02/06/2023,210.89,208.06,215.7,207.86
02/07/2023,221.73,213.82,222.59,211.5
02/08/2023,222.05,223.87,228.78,220.0801
02/09/2023,223.37,226.06,230.2,221.2
02/10/2023,212.65,216.9,220.7764,208.11
02/13/2023,217.88,215.38,220.48,209.62
02/14/2023,229.71,215.78,230.488,213.66
02/15/2023,227.64,225.49,228.55,221.06
02/16/2023,220.02,221.33,225.5,219.268
02/17/2023,213.88,216.31,217.4,209.75
02/21/2023,206.55,210.0,214.938,206.18
02/22/2023,207.54,207.07,211.04,204.21
02/23/2023,236.64,234.4,238.88,230.25
02/24/2023,232.86,232.25,234.74,229.47
02/27/2023,235.01,236.7,238.7994,234.54
02/28/2023,232.16,233.72,238.25,232.06
03/01/2023,226.98,231.92,232.5557,225.08
03/02/2023,233.14,224.88,233.804,224.32
03/03/2023,238.9,233.2,239.0,231.3
03/06/2023,235.54,238.91,242.48,234.87
03/07/2023,232.88,236.0,241.25,232.41
03/08/2023,241.81,234.87,242.0,234.235
03/09/2023,234.36,241.75,244.54,233.8284
03/10/2023,229.65,234.09,236.27,227.26
03/13/2023,229.66,227.52,232.98,222.97
03/14/2023,240.63,234.96,242.19,234.6
03/15/2023,242.28,237.61,242.86,233.6
03/16/2023,255.41,240.27,255.88,238.94
03/17/2023,257.25,259.82,263.99,256.68
03/20/2023,259.0,256.15,260.24,251.2983
03/21/2023,261.99,261.8,263.92,253.81
03/22/2023,264.68,264.25,275.89,262.37
03/23/2023,271.91,271.155,274.99,266.9
03/24/2023,267.79,270.31,271.67,263.55
03/27/2023,265.31,268.37,270.0,263.65
03/28/2023,264.1,264.47,265.13,258.5
03/29/2023,269.84,268.25,270.78,265.97
03/30/2023,273.83,272.29,274.99,271.02
03/31/2023,277.77,271.4,278.3431,271.05
04/03/2023,279.65,275.09,280.0,273.36
04/04/2023,274.53,279.66,280.0,273.07
04/05/2023,268.81,268.29,269.98,263.95
04/06/2023,270.37,265.84,270.8,264.27
04/10/2023,275.79,268.23,276.2099,266.69
04/11/2023,271.69,277.235,277.9,271.26
04/12/2023,264.95,273.7,274.6799,264.475
04/13/2023,264.63,267.34,268.869,263.29
04/14/2023,267.58,265.04,268.83,262.2
04/17/2023,270.02,265.655,270.06,264.3318
04/18/2023,276.67,275.335,281.1,273.57
04/19/2023,279.31,273.61,280.0,272.32
04/20/2023,271.04,276.71,280.3,270.0
04/21/2023,271.19,269.52,271.83,267.22
04/24/2023,270.42,270.13,273.6599,266.7101
04/25/2023,262.41,270.78,272.47,262.25
04/26/2023,269.56,270.02,273.3,267.051
04/27/2023,272.26,273.63,274.95,266.2501
04/28/2023,277.49,272.25,277.58,270.7148
05/01/2023,289.1,278.4,290.5844,277.8
05/02/2023,282.1,286.8,288.3599,280.83
05/03/2023,278.02,278.4,283.67,274.72
05/04/2023,275.62,276.51,278.59,272.4
05/05/2023,286.8,278.255,287.55,277.31
05/08/2023,291.51,285.22,292.2,283.5
05/09/2023,285.71,288.99,289.73,284.5
05/10/2023,288.85,290.05,291.13,284.6128
05/11/2023,285.78,288.96,289.5,282.46
05/12/2023,283.4,285.29,287.8,280.46
05/15/2023,289.53,285.085,289.69,281.52
05/16/2023,292.13,288.41,298.7,288.32
05/17/2023,301.78,295.84,301.99,294.3001
05/18/2023,316.78,304.1,318.28,303.2
05/19/2023,312.64,315.36,315.8,309.16
05/22/2023,311.76,309.01,315.2,306.8
05/23/2023,306.88,310.0,312.88,306.31
05/24/2023,305.38,302.1,306.07,298.06
05/25/2023,379.8,385.23,394.8,366.35
05/26/2023,389.46,378.9,391.7,375.5
05/30/2023,401.11,405.95,419.38,399.49
05/31/2023,378.34,394.88,402.95,378.22
06/01/2023,397.7,384.89,400.5,383.4
06/02/2023,393.27,400.97,405.0,390.5801
06/05/2023,391.71,389.09,395.6503,387.07
06/06/2023,386.54,388.3,391.6,381.48
06/07/2023,374.75,389.15,394.99,373.56
06/08/2023,385.1,377.24,388.64,375.05
06/09/2023,387.7,390.37,397.11,385.67
06/12/2023,394.82,392.0,395.2999,386.18
06/13/2023,410.22,401.86,411.01,397.4
06/14/2023,429.97,408.24,430.0,405.52
06/15/2023,426.53,426.02,432.89,421.47
06/16/2023,426.92,434.5,437.21,426.605
06/20/2023,438.08,429.98,439.9,426.74
06/21/2023,430.45,435.01,436.15,420.8
06/22/2023,430.25,422.53,434.255,422.34
06/23/2023,422.09,424.64,428.09,420.15
06/26/2023,406.32,424.61,427.64,401.0
06/27/2023,418.76,407.99,419.4,404.48
06/28/2023,411.17,406.6,418.45,405.18
06/29/2023,408.22,415.58,416.0,406.0
06/30/2023,423.02,416.8,425.5,415.01
07/03/2023,424.13,425.17,428.98,422.02
07/05/2023,423.17,421.35,431.77,420.85
07/06/2023,421.03,418.44,421.79,413.46
07/07/2023,425.03,423.22,432.14,421.8
07/10/2023,421.8,426.57,428.11,416.49
07/11/2023,424.05,424.81,427.58,420.67
07/12/2023,439.02,430.33,439.35,427.7728
07/13/2023,459.77,445.18,461.55,444.92
07/14/2023,454.69,465.828,480.88,450.6
07/17/2023,464.61,462.89,464.96,452.6241
07/18/2023,474.94,467.01,478.9599,457.34
07/19/2023,470.77,474.64,478.18,467.42
07/20/2023,455.2,465.07,470.87,450.62
07/21/2023,443.09,457.88,458.66,441.0
07/24/2023,446.12,447.31,451.09,440.4
07/25/2023,456.79,449.41,461.825,449.23
07/26/2023,454.52,460.21,460.53,446.3
07/27/2023,459.0,465.19,473.95,457.5
07/28/2023,467.5,466.68,470.27,463.81
07/31/2023,467.29,467.54,471.3,465.0601
08/01/2023,465.07,464.595,469.0,460.27
08/02/2023,442.69,458.31,458.4,433.87
08/03/2023,445.15,438.0,451.18,438.0
08/04/2023,446.8,449.85,456.42,443.93
08/07/2023,454.165,451.11,455.4,445.6345
08/08/2023,446.64,448.53,452.42,440.5601
08/09/2023,425.54,442.74,443.12,421.34
08/10/2023,423.88,421.6,435.74,418.35
08/11/2023,408.55,417.51,420.18,406.39
08/14/2023,437.53,404.86,438.0,403.11
08/15/2023,439.4,445.6,452.68,437.1
08/16/2023,434.86,445.2,446.75,434.06
08/17/2023,433.435,439.7,440.62,430.01
08/18/2023,432.99,426.35,435.7799,416.6
08/21/2023,469.67,444.94,470.65,442.22
08/22/2023,456.68,481.35,481.87,453.331
08/23/2023,471.16,458.66,472.0,452.08
08/24/2023,471.63,502.16,502.66,471.59
08/25/2023,460.18,470.12,478.05,450.24
08/28/2023,468.35,464.82,469.8,448.88
08/29/2023,487.84,466.66,490.81,463.9101
08/30/2023,492.64,490.44,499.27,484.25
08/31/2023,493.55,493.8,497.44,489.58
09/01/2023,485.09,497.62,498.0,481.416
09/05/2023,485.48,482.23,488.5081,478.6
09/06/2023,470.61,484.41,485.49,465.8
09/07/2023,462.41,455.25,463.44,451.52
09/08/2023,455.72,459.42,466.06,452.71
09/11/2023,451.78,461.48,461.63,443.12
09/12/2023,448.7,447.38,456.73,445.31
09/13/2023,454.85,446.0,459.3,445.03
09/14/2023,455.81,459.5,459.8699,451.31
09/15/2023,439.0,453.41,455.99,438.08
09/18/2023,439.66,427.48,442.42,420.0
09/19/2023,435.2,438.33,439.66,430.02
09/20/2023,422.39,436.0,439.03,422.23
09/21/2023,410.17,415.83,421.0,409.8
09/22/2023,416.1,415.72,421.15,412.31
09/25/2023,422.22,415.91,425.36,411.77
09/26/2023,419.11,420.01,428.2,416.55
09/27/2023,424.68,423.3,428.72,416.2901
09/28/2023,430.89,424.6,434.4631,421.15
09/29/2023,434.99,438.27,441.44,433.0694
10/02/2023,447.82,440.3,451.75,438.61
10/03/2023,435.17,448.08,451.3,432.46
10/04/2023,440.41,437.42,441.43,432.9201
10/05/2023,446.88,440.5,449.0,438.88
10/06/2023,457.62,441.93,457.89,440.26
10/09/2023,452.73,448.42,456.05,443.68
10/10/2023,457.98,453.1,462.59,450.88
10/11/2023,468.06,461.96,468.59,460.5
10/12/2023,469.45,467.77,476.09,463.3
10/13/2023,454.61,469.6,471.16,452.8
10/16/2023,460.95,450.63,462.25,449.12
10/17/2023,439.38,440.0,447.54,424.8
10/18/2023,421.96,425.91,432.19,418.25
10/19/2023,421.01,428.11,432.97,418.82
10/20/2023,413.87,418.9,424.7,410.78
10/23/2023,429.75,412.29,432.4799,409.45
10/24/2023,436.63,430.77,436.97,426.91
10/25/2023,417.79,433.98,436.5,415.55
10/26/2023,403.26,418.53,422.5555,398.8019
10/27/2023,405.0,411.3,412.06,400.15
10/30/2023,411.61,410.87,417.66,404.81
10/31/2023,407.8,404.5,408.79,392.3001
11/01/2023,423.25,408.84,423.81,408.69
11/02/2023,435.06,433.28,438.84,428.94
11/03/2023,450.05,440.2,453.0899,437.23
11/06/2023,457.51,452.845,459.35,448.99
11/07/2023,459.55,457.19,462.18,451.575
11/08/2023,465.74,461.0,468.67,459.68
11/09/2023,469.5,474.67,482.3,467.5
11/10/2023,483.35,475.0,484.72,472.8301
11/13/2023,486.2,483.2,491.16,480.9901
11/14/2023,496.56,496.8,498.34,490.4001
11/15/2023,488.88,499.35,499.6,482.0
11/16/2023,494.8,486.79,495.2469,483.3
11/17/2023,492.98,495.24,497.17,490.07
11/20/2023,504.09,493.12,505.48,491.8101
11/21/2023,499.44,501.26,505.17,492.22
11/22/2023,487.16,498.52,503.3494,476.9
11/24/2023,477.76,484.7,489.21,477.45
11/27/2023,482.42,478.0,485.3,476.52
11/28/2023,478.21,482.36,483.229,474.73
11/29/2023,481.4,483.79,487.62,478.6
11/30/2023,467.7,480.24,481.1,464.22
12/01/2023,467.65,465.25,472.0,461.87
12/04/2023,455.1,460.77,460.77,450.1
12/05/2023,465.66,454.66,466.0,452.71
12/06/2023,455.03,472.145,473.87,454.12
12/07/2023,465.96,457.0,466.29,456.04
12/08/2023,475.06,465.95,477.4085,465.5
12/11/2023,466.27,474.91,475.31,458.3
12/12/2023,476.57,460.46,476.66,460.46
12/13/2023,480.88,476.29,485.94,476.08
12/14/2023,483.5,483.9,486.7,474.22
12/15/2023,488.9,481.94,494.04,481.2
12/18/2023,500.77,494.0,504.3299,491.5
12/19/2023,496.04,494.24,497.0,488.95
12/20/2023,481.11,496.55,499.99,480.98
12/21/2023,489.9,488.11,490.95,484.19
12/22/2023,488.3,491.95,493.83,484.67
12/26/2023,492.79,489.68,496.0,489.6
12/27/2023,494.17,495.11,496.8,490.85
12/28/2023,495.22,496.43,498.8399,494.12
12/29/2023,495.22,498.13,499.97,487.51
01/02/2024,481.68,492.44,492.95,475.95
01/03/2024,475.69,474.85,481.841,473.2
01/04/2024,479.98,477.67,485.0,475.08
01/05/2024,490.97,484.62,495.47,483.0601
01/08/2024,522.53,495.12,522.75,494.79
01/09/2024,531.4,524.01,543.25,516.9
01/10/2024,543.5,536.16,546.0,534.89
01/11/2024,548.22,549.99,553.46,535.6
01/12/2024,547.1,546.2,549.7,543.3008
01/16/2024,563.82,550.18,568.3499,549.0
01/17/2024,560.53,563.47,564.7068,547.4
01/18/2024,571.07,572.6,576.0,561.07
01/19/2024,594.91,579.89,595.0,572.25
01/22/2024,596.54,600.49,603.31,590.7
01/23/2024,598.73,595.7,599.1,585.85
01/24/2024,613.62,603.04,628.49,599.38
01/25/2024,616.17,623.5,627.19,608.5
01/26/2024,610.31,609.6,617.83,605.73
01/29/2024,624.65,612.32,624.89,609.07
01/30/2024,627.74,629.0,634.93,622.6
01/31/2024,615.27,614.4,622.6902,607.0
02/01/2024,630.27,621.0,631.91,616.5
02/02/2024,661.6,639.74,666.0,636.9
02/05/2024,693.32,682.25,694.97,672.05
02/06/2024,682.23,696.3,697.5399,663.0
02/07/2024,700.99,683.19,702.2,676.0
02/08/2024,696.41,700.74,707.94,694.55
02/09/2024,721.33,705.33,721.85,702.12
02/12/2024,722.48,726.0,746.11,712.5
02/13/2024,721.28,704.0,734.5,696.2
02/14/2024,739.0,732.02,742.36,719.38
02/15/2024,726.58,738.69,739.75,724.0
02/16/2024,726.13,741.0,744.02,725.01
02/20/2024,694.52,719.47,719.56,677.34
02/21/2024,674.72,680.06,688.88,662.48
02/22/2024,785.38,750.25,785.75,742.2
02/23/2024,788.17,807.9,823.94,775.7
